iter	Logloss
0	0.6924456189
1	0.691835095
2	0.6913053002
3	0.6908050705
4	0.690352405
5	0.6899525123
6	0.6895443474
