iter	Logloss
0	0.691462546
1	0.6899477635
2	0.6885886949
3	0.6873642004
4	0.6861995251
5	0.6851563266
6	0.6842414216
7	0.6833764553
8	0.6826008732
9	0.6818939951
10	0.6812637868
11	0.6806711091
12	0.6801875
13	0.6797137714
14	0.6793111979
15	0.6789083946
16	0.678548943
17	0.6782151501
18	0.6779056373
19	0.6776648284
20	0.6774286152
21	0.6771897978
22	0.6769806985
23	0.6767855392
24	0.6766071538
25	0.6764692096
